﻿<?xml version='1.0' encoding='UTF-8'?>
<data jsxid="jsxroot" jsxnamespace="jsx3.ide.mapper.Mapper" jsxversion="1.0">
  <record jsxid="mi_1" jxstext="Operation (Transaction)" type="T" jsxopen="1" opname="jsxtransaction">
    <headers jsxid="mi_2">
      <record jsxid="mi_3" name="Content-Type" value="text/xml" />
    </headers>
    <record jsxid="mi_4" jsxtext="Input (request)" type="I" jsxopen="1" src="../../../../Form1.gi/IntalioInternal/FormModel.xsd">
      <record jsxid="mi_5" jsxtext="FormModel" type="C" path="//jsx1:schema[@targetNamespace='http://www.intalio.com/gi/Form1.gi']//jsx1:element[@name='FormModel']" datatype="" tns="http://www.intalio.com/gi/Form1.gi">
        <record jsxid="mi_6" jsxtext="inName" type="C" datatype="" tns="" path="//jsx1:schema[@targetNamespace='http://www.intalio.com/gi/Form1.gi']//jsx1:element[@name='inName']">
          <record jsxid="mi_7" jsxtext="textbox" type="E" datatype="string" tns="" path="//jsx1:schema[@targetNamespace='http://www.intalio.com/gi/Form1.gi']//jsx1:element[@name='textbox']">
            <restrictions>
              <record jsxid="mi_8" minoccur="0" />
            </restrictions>
            <mappings jsxid="mi_9">
              <record jsxid="mi_10" name="DOM" value="textbox" />
            </mappings>
          </record>
        </record>
      </record>
    </record>
    <record jsxid="mi_11" jsxtext="Output (response)" type="O" jsxopen="1" src="../../../../Form1.gi/IntalioInternal/FormModel.xsd">
      <record jsxid="mi_12" jsxtext="FormModel" type="C" path="//jsx1:schema[@targetNamespace='http://www.intalio.com/gi/Form1.gi']//jsx1:element[@name='FormModel']" datatype="" tns="http://www.intalio.com/gi/Form1.gi">
        <record jsxid="mi_13" jsxtext="inName" type="C" datatype="" tns="" path="//jsx1:schema[@targetNamespace='http://www.intalio.com/gi/Form1.gi']//jsx1:element[@name='inName']">
          <record jsxid="mi_14" jsxtext="textbox" type="E" datatype="string" tns="" path="//jsx1:schema[@targetNamespace='http://www.intalio.com/gi/Form1.gi']//jsx1:element[@name='textbox']">
            <restrictions>
              <record jsxid="mi_15" minoccur="0" />
            </restrictions>
            <mappings jsxid="mi_16">
              <record jsxid="mi_17" name="DOM" value="textbox" />
            </mappings>
          </record>
        </record>
      </record>
    </record>
  </record>
</data>